{"Yellowstone.2018.S01E01.WEBRip.x264-[@Intermedia\u2122].mkv": {"position": 0, "timestamp": 1744007020.734296}, "helix.s01e01.720p.bluray.x264-pahe.in.mkv": {"position": 23.557712, "timestamp": 1744141380.2981443}, "series/Helix/Helix  season 2/helix.s02e01.720p.bluray.x264.300mb-pahe.in.mkv": {"position": 15.359635, "timestamp": 1744142308.8345182}, "series/Dororo/Episode 2 - The Story of Bandai(99.0p).mp4": {"position": 489.19924, "timestamp": 1744142590.5904634}, "series/Dororo/Episode 11 - The Story of Banmon, Part 1(103.0p).mp4": {"position": 197.682562, "timestamp": 1744142606.630791}, "series/Helix season 1/helix.s01e01.720p.bluray.x264-pahe.in.mkv": {"position": 5.116583, "timestamp": 1744143587.3845341}, "series/Helix season 1/helix.s01e02.720p.bluray.x264-pahe.in.mkv": {"position": 13.802893, "timestamp": 1744142637.8794706}, "Watch Deepwater Horizon Full Movie on FMovies.to.mp4": {"position": 12.019908, "timestamp": 1744142987.8510318}, "BEST OF REDDIMS 2023 VIDEO MIX (Alaine,ChrisMartin,Romain Virgo,Cecile,chronix,konshens,busy signal.mp4": {"position": 0, "timestamp": 1744142989.7495162}, "Watch Identity Thief Full Movie on FMovies.to.mp4": {"position": 946.024253, "timestamp": 1744143078.843741}, "series/Helix  season 2/helix.s02e01.720p.bluray.x264.300mb-pahe.in.mkv": {"position": 5.099158, "timestamp": 1744143138.187012}, "series/legion season 2/Legion.S02E01.720p.10bit.WEBRip.2CH.x265.HEVC-PSA.mkv": {"position": 10.089, "timestamp": 1744143160.5576196}, "series/legion season 2/Legion.S02E02.720p.10bit.WEBRip.2CH.x265.HEVC-PSA.mkv": {"position": 5.059566, "timestamp": 1744143193.360365}}